시군구,행정동,시설명,시설유형,시설종류,주소,x축,y축
세종특별자치시,조치원읍,(사)대한노인회 세종특별자치시지회부설노인대학,노인여가복지시설,노인교실,세종특별자치시 조치원읍 새내10길 96,127.3034795,36.6006039
세종특별자치시,부강면,(주)가온렌탈케어 복지용구센터,재가노인복지시설,재가노인복지시설,"세종특별자치시 부강면 부강외천로 177, 179호",127.386931,36.5288958
세종특별자치시,전동면,VIP요양원,노인의료복지시설,노인요양시설,세종특별자치시 전동면 금이로 441-6,127.2413777,36.6269392
세종특별자치시,전동면,VIP주간보호센터,재가노인복지시설,재가노인복지시설,"세종특별자치시 전동면 금이로 441-6, 4층",127.2413777,36.6269392
세종특별자치시,반곡동,가람재가복지센터,재가노인복지시설,재가노인복지시설,"세종특별자치시 한누리대로 1828, 6층 607호 (반곡동)",127.3116281,36.4979957
세종특별자치시,금남면,가정재가복지센터,재가노인복지시설,재가노인복지시설,세종특별자치시 금남면 원당길 143 (별관),127.3490687,36.4500779
세종특별자치시,금남면,가족사랑노인주야간보호센터,재가노인복지시설,재가노인복지시설,"세종특별자치시 금남면 용포로 116, 2층",127.2812188,36.4688777
세종특별자치시,나성동,가족사랑복지용구사업소,재가노인복지시설,재가노인복지시설,"세종특별자치시 나성북로 21, 507호 (나성동, 센트럴타워)",127.258937,36.4898147
세종특별자치시,대평동,가치가봄 복지용구,재가노인복지시설,재가노인복지시설,"세종특별자치시 대평3길 18, 120호의 일부호 (대평동, 해피라움블루)",127.2749105,36.4735246
세종특별자치시,조치원읍,건강복지용구센터,재가노인복지시설,재가노인복지시설,"세종특별자치시 조치원읍 새내2길 38, 1층 2호",127.3010402,36.5966796
세종특별자치시,고운동,고운(남)다함께돌봄센터,다함께돌봄센터,다함께돌봄센터,"세종특별자치시 마음로 64, 2층 (고운동, 고운동 남측 복합커뮤니티센터)",127.2356606,36.5051702
세종특별자치시,조치원읍,그린케어주야간보호센터조치원역점,재가노인복지시설,재가노인복지시설,"세종특별자치시 조치원읍 조치원로 28, 10층 (피어리타워)",127.2997707,36.6011857
세종특별자치시,도담동,기쁨방문요양센터,재가노인복지시설,재가노인복지시설,"세종특별자치시 보듬3로 8-20, 233호 (도담동, 세종한신휴시티)",127.2586219,36.5144952
세종특별자치시,부강면,꽃동네치료공동체,정신재활시설,공동생활가정,세종특별자치시 부강면 노호등곡1로 237,127.3994538,36.5124864
세종특별자치시,나성동,나성다함께돌봄센터,다함께돌봄센터,다함께돌봄센터,"세종특별자치시 갈매로 280, 3층 (나성동, 나성동복합커뮤니티센터 3층)",127.2637566,36.4864222
세종특별자치시,부강면,나이야가라대학,노인여가복지시설,노인교실,"세종특별자치시 부강면 부강외천로 20, 2층 (부강복지회관)",127.3703721,36.5269918
세종특별자치시,전동면,노아의집,장애인거주시설,중증장애인거주시설,세종특별자치시 전동면 솔티로 293-2,127.2171398,36.6234224
세종특별자치시,연서면,늘평안 노인요양공동생활가정,노인의료복지시설,노인요양공동생활가정,세종특별자치시 연서면 당산로 391-26,127.2830407,36.5674751
세종특별자치시,아름동,늘품아동청소년재활센터,장애인지역사회재활시설,장애인재활치료시설,"세종특별자치시 보듬3로 143 (아름동, 대영프라자 504,505호)",127.243696,36.5115351
세종특별자치시,다정동,다정다함께돌봄센터,다함께돌봄센터,다함께돌봄센터,"세종특별자치시 다정남3로 10 (다정동, 2층)",127.2502152,36.4942717
세종특별자치시,조치원읍,다정한복지의료기,재가노인복지시설,재가노인복지시설,"세종특별자치시 조치원읍 장안길 75, 1층",127.3007585,36.5972261
세종특별자치시,고운동,다정한재가복지센터,재가노인복지시설,재가노인복지시설,세종특별자치시 고운서2길 8 (고운동),127.2315818,36.5075696
세종특별자치시,대평동,대평공립지역아동센터,아동복지시설,지역아동센터,"세종특별자치시 대평1길 10 (대평동, 대평동복합커뮤니티센터 2층)",127.2793239,36.4710082
세종특별자치시,장군면,더 사랑 요양원,노인의료복지시설,노인요양시설,세종특별자치시 장군면 정계길 154,127.2239985,36.5189378
세종특별자치시,아름동,더기쁨재가노인복지센터,재가노인복지시설,재가노인복지시설,"세종특별자치시 아름서길 3, 309호 (아름동, 세종시 아카데미 타워)",127.243274,36.5121547
세종특별자치시,반곡동,더함 재가노인복지센터,재가노인복지시설,재가노인복지시설,"세종특별자치시 시청대로 546 (반곡동, 수루배마을 8단지, 상가동 1층(사회적기업))",127.3160768,36.4988557
세종특별자치시,장군면,더힐링 세종전원주간보호센터,재가노인복지시설,재가노인복지시설,세종특별자치시 장군면 대교길 146-6,127.2221247,36.5079033
세종특별자치시,도담동,도담다함께돌봄센터,다함께돌봄센터,다함께돌봄센터,"세종특별자치시 보람로 77 (도담동, 도담복합커뮤니티센터 별관1층(도담다함께돌봄센터))",127.2618168,36.515523
세종특별자치시,아름동,드림 재가 방문요양 센터,재가노인복지시설,재가노인복지시설,"세종특별자치시 아름서1길 13-1, 마드리드R동 505호 (아름동)",127.242538,36.5110134
세종특별자치시,고운동,마음숲 재가복지센터,재가노인복지시설,재가노인복지시설,"세종특별자치시 마음로 272-3, 305호 (고운동)",127.2358544,36.519717
세종특별자치시,소정면,민들레재가노인복지센터,재가노인복지시설,재가노인복지시설,"세종특별자치시 소정면 소정구길 178, 1층 103호",127.1571831,36.7197569
세종특별자치시,도담동,밀마루복지마을,노인주거복지시설,노인복지주택,세종특별자치시 보듬1로 16 (도담동),127.2590983,36.5098725
세종특별자치시,반곡동,반곡다함께돌봄센터,다함께돌봄센터,다함께돌봄센터,"세종특별자치시 반곡로 39 (반곡동, (반곡다함께돌봄센터 5층))",127.310822,36.4988496
세종특별자치시,보람동,보람다함께돌봄센터,다함께돌봄센터,다함께돌봄센터,세종특별자치시 호려울로 42 (보람동),127.2908357,36.4786572
세종특별자치시,한솔동,보람언어심리상담센터,장애인지역사회재활시설,장애인재활치료시설,"세종특별자치시 호려울로 45, 508호 (보람동, 금남프라자)",127.2899201,36.4780893
세종특별자치시,보람동,보람장애인주간이용센터,장애인지역사회재활시설,장애인주간이용시설,"세종특별자치시 한누리대로 2107 (보람동, 보람종합복지센터 2층)",127.292023,36.4796035
세종특별자치시,나성동,봄날재가복지센터,재가노인복지시설,재가노인복지시설,"세종특별자치시 한누리대로 234, 303호 (나성동, 르네상스)",127.2638064,36.4853417
세종특별자치시,부강면,부강돌봄센터,재가노인복지시설,재가노인복지시설,"세종특별자치시 부강면 부촌길 17, 1, 2, 3층",127.3677735,36.5279898
세종특별자치시,부강면,부강지역아동센터,아동복지시설,지역아동센터,세종특별자치시 부강면 부강로 25 (2층),127.3667871,36.5282405
세종특별자치시,부강면,사랑나눔지역아동센터,아동복지시설,지역아동센터,"세종특별자치시 부강면 부강5길 24, 2층",127.3694713,36.5288932
세종특별자치시,전의면,사랑요양원,노인주거복지시설,양로시설,세종특별자치시 전의면 양달말길 36-14,127.2241007,36.6927819
세종특별자치시,연서면,사랑의마을,노인의료복지시설,노인요양시설,세종특별자치시 연서면 효교동길 123-2,127.2372011,36.5846881
세종특별자치시,연서면,사랑의마을 노인요양공동생활가정,노인의료복지시설,노인요양공동생활가정,세종특별자치시 연서면 효교동길 123-2,127.2372011,36.5846881
세종특별자치시,새롬동,새롬다함께돌봄센터,다함께돌봄센터,다함께돌봄센터,"세종특별자치시 새롬중앙로 44, 2층 (새롬동, 새롬동복합커뮤니티센터)",127.251841,36.4851934
세종특별자치시,조치원읍,새봄 재가노인복지센터,재가노인복지시설,재가노인복지시설,"세종특별자치시 조치원읍 홍익길 10, 101호",127.2896367,36.6220171
세종특별자치시,소담동,서원 재가복지센터,재가노인복지시설,재가노인복지시설,"세종특별자치시 한누리대로 2007, 413호 (소담동, 퍼스트시티)",127.3008898,36.4852006
세종특별자치시,금남면,성덕효성원,노인의료복지시설,노인요양시설,세종특별자치시 금남면 성덕영곡길 97-9,127.2704679,36.4565207
세종특별자치시,고운동,세종고운재가복지센터,재가노인복지시설,재가노인복지시설,"세종특별자치시 마음로 49, C동 5호 (고운동)",127.2353843,36.5028365
세종특별자치시,고운동,세종공동생활가정,장애인거주시설,장애인공동생활가정,"세종특별자치시 마음안1로 167, 1702동 202호 (고운동, 가락마을17단지)",127.2358492,36.5177912
세종특별자치시,조치원읍,세종굿모닝요양원,노인의료복지시설,노인요양시설,세종특별자치시 조치원읍 새내로 197-6,127.295976,36.6102315
세종특별자치시,연서면,세종도덕노인대학,노인여가복지시설,노인교실,세종특별자치시 연서면 양대길 52,127.2069326,36.5940509
세종특별자치시,연서면,세종도덕노인복지센터,재가노인복지시설,재가노인복지시설,세종특별자치시 연서면 양대길 52,127.2069326,36.5940509
세종특별자치시,아름동,세종드림장애인공동생활가정,장애인거주시설,장애인공동생활가정,"세종특별자치시 달빛1로 206, 909동 1403호 (아름동, 범지기마을 9단지)",127.2465349,36.5167745
세종특별자치시,조치원읍,세종똑똑방문간호센터,재가노인복지시설,재가노인복지시설,"세종특별자치시 조치원읍 허만석로 55, 201호 (굿라이프빌딩)",127.29668,36.5867255
세종특별자치시,한솔동,세종마음아동발달센터,장애인지역사회재활시설,장애인재활치료시설,"세종특별자치시 도움1로 106 (종촌동, 메가시티 6층 605호)",127.2481373,36.5026811
세종특별자치시,부강면,세종부강노인복지센터,재가노인복지시설,재가노인복지시설,"세종특별자치시 부강면 부강로 53, 3층 (세종프라자)",127.3650232,36.5304935
세종특별자치시,전의면,세종빌,장애인거주시설,장애유형별거주시설,세종특별자치시 전의면 양지편길 13-6,127.1779277,36.6408441
세종특별자치시,조치원읍,세종삼육지역아동센터,아동복지시설,지역아동센터,세종특별자치시 조치원읍 새내14길 32,127.29949,36.6032147
세종특별자치시,조치원읍,세종시 장애인복지관,장애인지역사회재활시설,장애인복지관,세종특별자치시 조치원읍 평안로,127.295553,36.5876268
세종특별자치시,조치원읍,세종시립요양원,노인의료복지시설,노인요양시설,세종특별자치시 조치원읍 수원지1길 16,127.3000533,36.6072183
세종특별자치시,조치원읍,세종시시각장애인+(플러스)지원센터,장애인지역사회재활시설,시각장애인 등 생활지원센터,"세종특별자치시 조치원읍 터미널안길 60, 5층 (세종고용복지플러스센터)",127.3030563,36.6014999
세종특별자치시,전동면,세종실버타운 노인주간보호센터,재가노인복지시설,재가노인복지시설,세종특별자치시 전동면 솔티로 361-15,127.2161328,36.6293068
세종특별자치시,전동면,세종실버타운 평강요양원,노인의료복지시설,노인요양시설,세종특별자치시 전동면 솔티로 361-15,127.2161328,36.6293068
세종특별자치시,조치원읍,세종에덴요양원,노인의료복지시설,노인요양시설,세종특별자치시 조치원읍 조치원5길 11,127.2989272,36.60185
세종특별자치시,조치원읍,세종요양원,노인의료복지시설,노인요양시설,"세종특별자치시 조치원읍 충현로 3 (3,4,5층)",127.2989466,36.5896
세종특별자치시,나성동,세종우리노인복지센터,재가노인복지시설,재가노인복지시설,"세종특별자치시 나성로 33-10, 803~806호 (나성동, 트리플렉스)",127.2624946,36.4825683
세종특별자치시,연서면,세종우리요양원,노인의료복지시설,노인요양시설,세종특별자치시 연서면 두루봉길 7-14,127.2685375,36.5771257
세종특별자치시,전의면,세종장애인주간이용센터,장애인지역사회재활시설,장애인주간이용시설,세종특별자치시 전의면 삼성당1길 52-32,127.1888184,36.6747376
세종특별자치시,조치원읍,세종재가노인지원센터,재가노인복지시설,재가노인복지시설,세종특별자치시 조치원읍 장안길 97-7,127.3011458,36.5964312
세종특별자치시,조치원읍,세종재가복지센터,재가노인복지시설,재가노인복지시설,"세종특별자치시 조치원읍 새내로 143, 상가 1층 (계룡아파트)",127.2970765,36.6045464
세종특별자치시,보람동,세종점자도서관,장애인지역사회재활시설,점자도서관,"세종특별자치시 한누리대로 2107, 1층 (보람동, 보람종합복지센터)",127.292023,36.4796035
세종특별자치시,조치원읍,세종종합사회복지관,일반사회복지시설,사회복지관,세종특별자치시 조치원읍 산책1길 65,127.3012183,36.5960983
세종특별자치시,조치원읍,세종주간보호센터,재가노인복지시설,재가노인복지시설,세종특별자치시 조치원읍 충현로 3 (2층),127.2989466,36.5896
세종특별자치시,도담동,세종중앙의료기,재가노인복지시설,재가노인복지시설,"세종특별자치시 보듬3로 37, 1층 (도담동, 101호 일부 및 102호)",127.2554454,36.5114934
세종특별자치시,조치원읍,세종중앙지역아동센터,아동복지시설,지역아동센터,"세종특별자치시 조치원읍 장안길 97-7, 2층",127.3011458,36.5964312
세종특별자치시,조치원읍,세종지역아동센터,아동복지시설,지역아동센터,세종특별자치시 조치원읍 산막5길 3-4 (1층),127.2970035,36.593284
세종특별자치시,조치원읍,세종천애안요양원,노인의료복지시설,노인요양시설,세종특별자치시 조치원읍 충현로 101,127.2952687,36.5975
세종특별자치시,대평동,세종케어재활전문주간보호센터,재가노인복지시설,재가노인복지시설,"세종특별자치시 시청대로 20, 801~803호 (대평동)",127.2753303,36.4744642
세종특별자치시,새롬동,세종통합돌봄센터,재가노인복지시설,재가노인복지시설,"세종특별자치시 국세청로 4, 2층 211호 (나성동)",127.2588849,36.4859085
세종특별자치시,조치원읍,세종특별자치시 사회서비스원 세종종합재가센터,재가노인복지시설,재가노인복지시설,세종특별자치시 조치원읍 수원지1길 16,127.3000533,36.6072183
세종특별자치시,조치원읍,세종특별자치시 치매안심센터,기타복지시설,치매안심센터,세종특별자치시 조치원읍 수원지1길 16,127.3000533,36.6072183
세종특별자치시,고운동,세종플래티늄요양원,노인의료복지시설,노인요양시설,"세종특별자치시 마음로 272-3, 3,6층 305,601~5호 (고운동)",127.2358544,36.519717
세종특별자치시,나성동,세종하나재가요양센터,재가노인복지시설,재가노인복지시설,"세종특별자치시 국세청로 4, 706호 (나성동, 갤러리세종프라자)",127.258839,36.4859818
세종특별자치시,한솔동,세종한누리복지용구사업소,재가노인복지시설,재가노인복지시설,"세종특별자치시 누리로 119, 상가동 b106호 (한솔동, 첫마을아파트)",127.2582369,36.4814673
세종특별자치시,도담동,세종한누리주간보호센터,재가노인복지시설,재가노인복지시설,"세종특별자치시 한누리대로 589, 8층 802~804호 (도담동)",127.2565334,36.508776
세종특별자치시,금남면,세종해밀 요양원,노인의료복지시설,노인요양시설,세종특별자치시 금남면 성덕영곡길 150,127.2673609,36.4528284
세종특별자치시,전동면,세종행복요양원,노인의료복지시설,노인요양시설,세종특별자치시 전동면 운주산로 316,127.2700717,36.6511963
세종특별자치시,조치원읍,세종혜온 재가방문요양센터,재가노인복지시설,재가노인복지시설,"세종특별자치시 조치원읍 새내로 119-2, 2층",127.2976467,36.6026337
세종특별자치시,대평동,세종효사랑재가센터,재가노인복지시설,재가노인복지시설,"세종특별자치시 한누리대로 2236, 제3동 2층 C209호 (대평동)",127.2784625,36.4749937
세종특별자치시,소담동,소담다함께돌봄센터,다함께돌봄센터,다함께돌봄센터,"세종특별자치시 한누리대로 2023, 2층 (소담동, 소담동복합커뮤니티센터)",127.3003644,36.4840715
세종특별자치시,나성동,스타 방문요양 재가복지센터,재가노인복지시설,재가노인복지시설,"세종특별자치시 한누리대로 312, 315호 (나성동, 노블비즈니스타운)",127.2568203,36.4921132
세종특별자치시,장군면,시온재가노인복지센터,재가노인복지시설,재가노인복지시설,"세종특별자치시 장군면 장척로 436, 2층 (도계리)",127.2082539,36.4990105
세종특별자치시,금남면,약산실버홈,노인의료복지시설,노인요양공동생활가정,세종특별자치시 금남면 성덕영곡길 97-17,127.2704047,36.4560389
세종특별자치시,어진동,어진다함께돌봄센터,다함께돌봄센터,다함께돌봄센터,"세종특별자치시 다솜1로 31, 2층 (어진동, 어진동복합커뮤니티센터)",127.2562323,36.5018768
세종특별자치시,장군면,에스더지역아동센터,아동복지시설,지역아동센터,세종특별자치시 장군면 용연로 126-5,127.2045735,36.5415862
세종특별자치시,조치원읍,여성노인대학(청춘대학),노인여가복지시설,노인교실,세종특별자치시 조치원읍 새내12길 35,127.2998432,36.6027053
세종특별자치시,연서면,영명보육원,아동복지시설,아동양육시설,세종특별자치시 연서면 월성로 239,127.2743709,36.5881552
세종특별자치시,전동면,요나의집,장애인거주시설,장애유형별거주시설,세종특별자치시 전동면 솔티로 293-1,127.217338,36.6241137
세종특별자치시,해밀동,우리통합재가센터,재가노인복지시설,재가노인복지시설,"세종특별자치시 산울2로 10, 상가B동 208호 (산울동)",127.2643424,36.5325229
세종특별자치시,조치원읍,욱일지역아동센터,아동복지시설,지역아동센터,세종특별자치시 조치원읍 충현로 159 (욱일상가404호),127.2929856,36.6025531
세종특별자치시,도담동,유정재가복지원,재가노인복지시설,재가노인복지시설,세종특별자치시 도담서길 34 (도담동),127.2556556,36.5095468
세종특별자치시,아름동,은혜노인의료기,재가노인복지시설,재가노인복지시설,"세종특별자치시 아름서1길 13-1, 509호 (아름동, 마드리드R)",127.242538,36.5110134
세종특별자치시,조치원읍,이든공동생활가정,장애인거주시설,장애인공동생활가정,"세종특별자치시 조치원읍 죽림본로 33-6, 103동 1층 102호",127.2946267,36.5901976
세종특별자치시,조치원읍,이룬요양원,노인의료복지시설,노인요양시설,세종특별자치시 조치원읍 문화6길 6,127.2886896,36.6015102
세종특별자치시,도담동,이원건강의료기 세종점,재가노인복지시설,재가노인복지시설,"세종특별자치시 한누리대로 589, 102호 (도담동)",127.2559988,36.5186484
세종특별자치시,전동면,전동작은터지역아동센터,아동복지시설,지역아동센터,세종특별자치시 전동면 하노장1길 3,127.2660526,36.6543731
세종특별자치시,전의면,전의요셉의 집,노인의료복지시설,노인요양시설,세종특별자치시 전의면 삼성당1길 52-32,127.1888184,36.6747376
세종특별자치시,조치원읍,정감재가방문요양센터,재가노인복지시설,재가노인복지시설,"세종특별자치시 조치원읍 장안1길 7, 102호",127.302056,36.6008502
세종특별자치시,조치원읍,제일경로대학,노인여가복지시설,노인교실,세종특별자치시 조치원읍 대첩로 10,127.295311,36.5958774
세종특별자치시,금남면,조이실버케어요양원,노인의료복지시설,노인요양시설,세종특별자치시 금남면 도남2길 70,127.2404965,36.4377707
세종특별자치시,아름동,종촌공립지역아동센터,아동복지시설,지역아동센터,"세종특별자치시 도움3로 125, 2층 (종촌동, 종촌동 복합커뮤니티 센터)",127.2468271,36.5046533
세종특별자치시,종촌동,종촌다함께돌봄센터,다함께돌봄센터,다함께돌봄센터,"세종특별자치시 도움3로 125, 3층 (종촌동)",127.2469955,36.5045214
세종특별자치시,도담동,종촌종합복지센터 노인주간보호센터,재가노인복지시설,재가노인복지시설,"세종특별자치시 도움1로 116, 3 (종촌동)",127.2467756,36.5026584
세종특별자치시,종촌동,종촌종합복지센터 장애인주간이용센터,장애인지역사회재활시설,장애인주간이용시설,세종특별자치시 도움1로 116 (종촌동),127.2467756,36.5026584
세종특별자치시,도담동,종촌종합복지센터 종합사회복지관,일반사회복지시설,사회복지관,세종특별자치시 도움1로 116 (종촌동),127.2467756,36.5026584
세종특별자치시,조치원읍,중부지역아동센터,아동복지시설,지역아동센터,"세종특별자치시 조치원읍 신흥고샅길 3, 2층 (2층)",127.2934683,36.5950722
세종특별자치시,도담동,지음아동발달센터,장애인지역사회재활시설,장애인재활치료시설,"세종특별자치시 도움3로 105-7, 504호505호 (종촌동)",127.2496465,36.5045207
세종특별자치시,연동면,평안의집,노인의료복지시설,노인요양시설,세종특별자치시 연동면 새말다복동길 65,127.3208425,36.5511806
세종특별자치시,연서면,풍성한지역아동센터,아동복지시설,지역아동센터,세종특별자치시 연서면 당산로 391-24,127.2832909,36.5674267
세종특별자치시,보람동,플래티늄세종주야간보호센터,재가노인복지시설,재가노인복지시설,"세종특별자치시 남세종로 454, 6층 (보람동)",127.2896958,36.4772408
세종특별자치시,조치원읍,하랑재가노인복지센터,재가노인복지시설,재가노인복지시설,"세종특별자치시 조치원읍 도장말길 29, A동 1층 (하늘채빌)",127.2966797,36.5894505
세종특별자치시,조치원읍,하트풀 방문요양센터,재가노인복지시설,재가노인복지시설,"세종특별자치시 조치원읍 죽림로 45, 206호 (신동아아파트 1차 상가동)",127.2964174,36.5923989
세종특별자치시,아름동,한누리재가장기요양기관,재가노인복지시설,재가노인복지시설,"세종특별자치시 아름서1길 13-5, A동 615호 (아름동)",127.2425647,36.5113448
세종특별자치시,종촌동,함께 스마일,아동복지시설,공동생활가정,"세종특별자치시 달빛로 80, 1218동 201호 (종촌동, 가재마을12단지)",127.2520075,36.5058121
세종특별자치시,전의면,해뜨는집,장애인거주시설,장애유형별거주시설,세종특별자치시 전의면 운주길 227 호,127.2225127,36.698844
세종특별자치시,조치원읍,행복드림재가방문요양센터,재가노인복지시설,재가노인복지시설,"세종특별자치시 조치원읍 조치원10길 9, 2호",127.3033344,36.6022049
세종특별자치시,연기면,행복지역아동센터,아동복지시설,지역아동센터,세종특별자치시 연기면 당산로 128-5,127.2781497,36.5450151
세종특별자치시,고운동,행복한주간보호센터,재가노인복지시설,재가노인복지시설,"세종특별자치시 마음안1로 155, 402~404호 (고운동)",127.2347893,36.5190578
세종특별자치시,한솔동,휴먼주간보호센터,재가노인복지시설,재가노인복지시설,"세종특별자치시 세종로 1219, 7층 (고운동)",127.2410273,36.5116222
세종특별자치시,,두진어린이집,어린이집,가정,세종특별자치시  용포2길 70 두진리버빌 104-105,127.2788746,36.46216567
세종특별자치시,,한솔어린이집,어린이집,가정,세종특별자치시  나리로 38 첫마을아파트 704-102,127.2550581,36.47222121
세종특별자치시,,굿맘아기천사어린이집,어린이집,가정,세종특별자치시  누리로 27 첫마을아파트 613-101,127.2509418,36.47386908
세종특별자치시,,꼬마숲어린이집,어린이집,가정,"세종특별자치시  누리로 27 611-102(한솔동, 첫마을아파트)",127.252012,36.47323337
세종특별자치시,,리베도만스쿨어린이집,어린이집,가정,세종특별자치시  누리로 59 첫마을아파트 506-101,127.2489553,36.47662974
세종특별자치시,,행복아이어린이집,어린이집,가정,세종특별자치시  나리로 38 첫마을아파트 703-103,127.2551407,36.47276395
세종특별자치시,,세종꿈의어린이집,어린이집,가정,세종특별자치시  누리로 27 첫마을아파트 609-101,127.2529082,36.47278077
세종특별자치시,,하임어린이집,어린이집,가정,세종특별자치시  누리로 54 첫마을아파트 524-102,127.2512014,36.47832344
세종특별자치시,,키즈빌어린이집,어린이집,가정,세종특별자치시  누리로 59 푸르지오 514-103,127.2499026,36.47576809
세종특별자치시,,송원어린이집,어린이집,국공립,세종특별자치시  누리로 96,127.2517969,36.47982541
세종특별자치시,,나성어린이집,어린이집,국공립,세종특별자치시  노을3로 60,127.257049,36.4797027
세종특별자치시,,예그리나어린이집,어린이집,직장,세종특별자치시  갈매로 477 정부세종청사 기획재정부동 1층,127.2663749,36.50592734
세종특별자치시,,이든샘어린이집,어린이집,직장,세종특별자치시  다솜2로 94,127.2649564,36.50453764
세종특별자치시,,예다움어린이집,어린이집,가정,세종특별자치시  도장말길 45 삼정하이츠 108,127.2962508,36.59078382
세종특별자치시,,세종도램어린이집,어린이집,국공립,세종특별자치시  보듬3로 7 복지동1층,127.2585471,36.51184811
세종특별자치시,,하람어린이집,어린이집,가정,세종특별자치시  조치원읍 섭골길 59 이편한세상 103-101,127.2873158,36.61537279
세종특별자치시,,아이온어린이집,어린이집,직장,세종특별자치시  한누리대로 402,127.2601742,36.49963508
세종특별자치시,,윤빛어린이집,어린이집,직장,세종특별자치시  한누리대로 402 산업통상자원부동,127.2601742,36.49963508
세종특별자치시,,아롱별어린이집,어린이집,가정,"세종특별자치시  도움3로 75 1107-101 (종촌동,가재마을아파트)",127.2530309,36.5031699
세종특별자치시,,올고운어린이집,어린이집,직장,세종특별자치시  갈매로 408 문화체육관광부동,127.2653869,36.49906125
세종특별자치시,,세종푸르니어린이집,어린이집,직장,세종특별자치시  남세종로 254 한국개발연구원,127.3100271,36.48253042
세종특별자치시,,하버드어린이집,어린이집,민간,세종특별자치시  장군면 영평사길 3-8,127.2396916,36.47555725
세종특별자치시,,애플트리어린이집,어린이집,가정,"세종특별자치시  달빛로 165 810-103(아름동,범지기마을)",127.2491922,36.51289259
세종특별자치시,,아이누리어린이집,어린이집,국공립,세종특별자치시  보람로 77,127.2616709,36.51524151
세종특별자치시,,어진어린이집,어린이집,국공립,세종특별자치시  다솜1로 31,127.2565102,36.5019634
세종특별자치시,,꿀벌어린이집,어린이집,가정,세종특별자치시  달빛1로 201 범지기마을3단지아파트 311동 102호,127.2451189,36.51839689
세종특별자치시,,세종도담도담어린이집,어린이집,가정,세종특별자치시  다솜1로 140 극동스타클래스 104-104,127.2571835,36.51159552
세종특별자치시,,세종명품어린이집,어린이집,가정,세종특별자치시  도움1로 55 한신휴플러스리버파크 903-203,127.2543113,36.49994146
세종특별자치시,,세종이편한어린이집,어린이집,민간,세종특별자치시  조치원읍 섭골길 59 이편한관리동 1층,127.2873158,36.61537279
세종특별자치시,,풀잎어린이집,어린이집,가정,세종특별자치시  달빛로 109 범지기마을 405-101,127.2475197,36.50852379
세종특별자치시,,풍경채어린이집,어린이집,가정,"세종특별자치시  도움1로 74 1004-105(종촌동,제일풍경채 에듀파크)",127.2513153,36.50287363
세종특별자치시,,늘기쁨어린이집,어린이집,가정,"세종특별자치시  도움1로 105 508-101(종촌동,가재마을)",127.2484485,36.50030506
세종특별자치시,,사랑샘어린이집,어린이집,가정,"세종특별자치시  달빛로 211 1007-104(아름동,범지기마을10단지)",127.2497977,36.51535908
세종특별자치시,,아기기린어린이집,어린이집,가정,세종특별자치시  도움1로 105 526동 102호,127.2471065,36.5016325
세종특별자치시,,하늘나무어린이집,어린이집,가정,"세종특별자치시  도움1로 105 529-102(종촌동,가재마을5단지)",127.24561,36.50151053
세종특별자치시,,토토로어린이집,어린이집,가정,세종특별자치시  도움1로 105 509동 102호,127.2482239,36.50031147
세종특별자치시,,아름나무어린이집,어린이집,국공립,세종특별자치시  보듬3로 114 아름동,127.2469794,36.51226152
세종특별자치시,,행복이가득한어린이집,어린이집,가정,세종특별자치시  달빛로 77 가재마을7단지 706-102,127.2478696,36.50633201
세종특별자치시,,아이세상어린이집,어린이집,직장,세종특별자치시  노을6로 8-14,127.26030602246223,36.48508058695623
세종특별자치시,,빛들어린이집,어린이집,직장,세종특별자치시  도움5로 19,127.2591813,36.50477604
세종특별자치시,,예쁜별어린이집,어린이집,가정,세종특별자치시  도움1로 105 가재마을5단지 512-102,127.2461905,36.50039478
세종특별자치시,,아이잼어린이집,어린이집,가정,세종특별자치시  다솜1로 140 도램마을1단지 108동 102호,127.2576391,36.50908967
세종특별자치시,,레몬트리어린이집,어린이집,가정,세종특별자치시  달빛로 211 1002동 104호(범지기마을 10단지),127.2487223,36.51810847
세종특별자치시,,도담온새미어린이집,어린이집,가정,세종특별자치시  보람로 96 2004동 103호 (도램마을 20단지),127.2639365,36.51803353
세종특별자치시,,누리뜰어린이집,어린이집,직장,세종특별자치시  시청대로 370,127.3050471,36.49517709
세종특별자치시,,꼬마대통령어린이집,어린이집,가정,세종특별자치시  보듬4로 20 1003-102 도램마을10단지,127.2607138,36.51131753
세종특별자치시,,리버파크어린이집,어린이집,민간,세종특별자치시  도움1로 55 가재마을9단지 관리동,127.2538823,36.50096292
세종특별자치시,,정원어린이집,어린이집,민간,세종특별자치시  만남로 92 가락마을8단지 고운뜰파크 관리동,127.2397768,36.50690501
세종특별자치시,,라온어린이집,어린이집,직장,세종특별자치시  갈매로 381 .,127.2634812,36.49782883
세종특별자치시,,솔비타어린이집,어린이집,직장,세종특별자치시  도움8로 11-20 .,127.2639238,36.50811491
세종특별자치시,,고운아이어린이집,어린이집,가정,세종특별자치시  만남로 92 809동 103호,127.2407983,36.50830345
세종특별자치시,,아기별어린이집,어린이집,가정,세종특별자치시  만남로 92 808동 104호,127.240786,36.5077809
세종특별자치시,,슬기로운어린이집,어린이집,가정,세종특별자치시  달빛로 80 가재마을 1204-103,127.2520644,36.5049781
세종특별자치시,,아가뽀뽀어린이집,어린이집,가정,"세종특별자치시  도움3로 159 309-105(가재마을3단지,중흥에듀타운)",127.2445144,36.5043194
세종특별자치시,,아이숲빅스맘어린이집,어린이집,민간,세종특별자치시  도움3로 75 가재마을11단지 관리동,127.2517155,36.50413905
세종특별자치시,,세종별빛어린이집,어린이집,가정,세종특별자치시  달빛로 80 가재마을12단지 1216동 102호,127.2501259,36.50709609
세종특별자치시,,이솝어린이집,어린이집,가정,세종특별자치시  달빛로 80 1219동 101호,127.2523466,36.5065774
세종특별자치시,,별그린어린이집,어린이집,가정,"세종특별자치시  마음로 151 902동 101호(고운동, 가락마을9단지)",127.2279547,36.51131782
세종특별자치시,,도담뜰어린이집,어린이집,민간,세종특별자치시  보듬4로 20 도램마을10단지 관리동,127.2604086,36.51238672
세종특별자치시,,아이그린어린이집,어린이집,가정,세종특별자치시  만남로 190 가락마을20단지 2006동 101호,127.2399321,36.51588937
세종특별자치시,,엠코어린이집,어린이집,민간,세종특별자치시  도움1로 105,127.2456155,36.49994678
세종특별자치시,,아람어린이집,어린이집,민간,세종특별자치시  도움3로 160 가재마을4단지 관리동,127.2436148,36.50617452
세종특별자치시,,라온숲어린이집,어린이집,가정,세종특별자치시  도움3로 160 가재마을아파트 417동 101호,127.2419816,36.50675374
세종특별자치시,,아이리베어린이집,어린이집,가정,세종특별자치시  도움3로 160 가재마을4단지아파트 413동 104호,127.2429612,36.50617693
세종특별자치시,,온빛어린이집,어린이집,민간,세종특별자치시  만남로 187 가락마을16단지관리동,127.2381757,36.51689571
세종특별자치시,,종촌어린이집,어린이집,국공립,세종특별자치시  도움3로 125 종촌동복합커뮤니티센터 내 1층,127.246805,36.50445532
세종특별자치시,,아름숲어린이집,어린이집,국공립,세종특별자치시  달빛로 211 범지기마을10단지 관리동,127.248235,36.51867995
세종특별자치시,,아이야어린이집,어린이집,가정,세종특별자치시  마음안로 34 가락마을5단지 508동 103호,127.238287,36.50754958
세종특별자치시,,별하둥이어린이집,어린이집,가정,세종특별자치시  마음로 181 가락마을아파트 1013동 103호,127.2287725,36.51295689
세종특별자치시,,충녕어린이집,어린이집,직장,세종특별자치시  시청대로 166 충녕어린이집,127.2898652,36.48068184
세종특별자치시,,고운숲어린이집,어린이집,가정,"세종특별자치시  마음로 182 1304동 102호(고운동,가락마을13단지)",127.2304172,36.5134837
세종특별자치시,,선물어린이집,어린이집,가정,세종특별자치시  달빛1로 201 범지기마을3단지306동101호,127.2451672,36.51557967
세종특별자치시,,아기햇살어린이집,어린이집,가정,세종특별자치시  보듬3로 74 범지기마을12단지 관리동,127.2509406,36.51189434
세종특별자치시,,이지숲어린이집,어린이집,민간,세종특별자치시  마음안로 48 가락마을4단지 관리동,127.2361659,36.50749917
세종특별자치시,,새샛별어린이집,어린이집,민간,세종특별자치시  보람로 96 도램마을 20단지 단지내 보육시설,127.2629207,36.51729892
세종특별자치시,,푸른나무어린이집,어린이집,민간,세종특별자치시  달빛로 80 가재마을 12단지 관리동,127.2504849,36.50531064
세종특별자치시,,코끼리어린이집,어린이집,민간,세종특별자치시  다솜1로 211,127.2555598,36.51675888
세종특별자치시,,아마레어린이집,어린이집,민간,세종특별자치시  만남로 190 호반베르디움 가락마을20단지 관리동,127.2399405,36.51698162
세종특별자치시,,이레어린이집,어린이집,가정,세종특별자치시  절재로 13 103동 101호,127.2421032,36.51041547
세종특별자치시,,한내들어린이집,어린이집,민간,세종특별자치시  마음안로 34 (고운동 가락마을5단지),127.238568,36.50634621
세종특별자치시,,고은어린이집,어린이집,가정,세종특별자치시  마음로 152 가락마을11단지 1101동 103호,127.2299545,36.5122188
세종특별자치시,,도로시어린이집,어린이집,민간,세종특별자치시  다솜로 290 한뜰마을 3단지 관리동,127.2730951,36.50562779
세종특별자치시,,도램키즈어린이집,어린이집,가정,세종특별자치시  보듬6로 52 도램마을17단지 관리동,127.2647288,36.51567335
세종특별자치시,,벧엘어린이집,어린이집,가정,"세종특별자치시  마음로 152 (고운동, 가락마을11단지) 1108동 101호",127.2305803,36.51227175
세종특별자치시,,함께하는어린이집,어린이집,민간,세종특별자치시  다솜1로 220 도램마을5단지 관리동,127.256273,36.51708183
세종특별자치시,,이든어린이집,어린이집,민간,세종특별자치시  남세종로 384 호려울마을 9단지,127.2949714,36.47957851
세종특별자치시,,꿈별어린이집,어린이집,가정,세종특별자치시  마음안로 190 가락마을 15단지 관리동 어린이집,127.2361579,36.51666089
세종특별자치시,,새샘어린이집,어린이집,민간,세종특별자치시  남세종로 358 새샘마을2단지 관리동,127.2991843,36.48339532
세종특별자치시,,누리봄어린이집,어린이집,가정,세종특별자치시  시청대로 236 새샘마을3단지 316동 102호,127.2956159,36.48463179
세종특별자치시,,소담어린이집,어린이집,가정,세종특별자치시  시청대로 236 새샘마을3단지 306동 102호,127.2979311,36.48432034
세종특별자치시,,리틀바론어린이집,어린이집,가정,세종특별자치시  보듬4로 111 도램마을19단지 관리동,127.2660904,36.51571249
세종특별자치시,,새샘 사랑가득어린이집,어린이집,가정,"세종특별자치시  국책연구원1로 15 911동 203호(새샘마을 9단지, 소담동)",127.3006711,36.49062608
세종특별자치시,,세종고운어린이집,어린이집,국공립,세종특별자치시  마음로 284 복합커뮤니티센터 내,127.2363956,36.51967307
세종특별자치시,,보람더원어린이집,어린이집,국공립,"세종특별자치시  호려울로 42 보람동, 복합커뮤니티센터 내 1층",127.2906244,36.47863048
세종특별자치시,,종촌숲어린이집,어린이집,국공립,세종특별자치시  도움1로 145 LH임대아파트 관리동,127.24447,36.50141356
세종특별자치시,,꿈에그린어린이집,어린이집,가정,세종특별자치시  국책연구원1로 15 새샘마을9단지 중흥리버뷰 908동 201호,127.3012359,36.48894918
세종특별자치시,,리버뷰어린이집,어린이집,가정,"세종특별자치시  국책연구원1로 15 중흥s클래스 중흥 리버뷰 907동 203호(소담동, 새샘마을9단지)",127.3000687,36.48894755
세종특별자치시,,세종자연어린이집,어린이집,민간,세종특별자치시  마음안1로 167 가락마을17단지 관리동,127.2358595,36.51733675
세종특별자치시,,해맑은어린이집,어린이집,민간,세종특별자치시  마음로 14 가락마을6단지 관리동,127.2398443,36.50260444
세종특별자치시,,아이숲어린이집,어린이집,민간,세종특별자치시  장군면 장척로 349-11,127.2009889,36.49332475
세종특별자치시,,세종아이사랑어린이집,어린이집,민간,세종특별자치시  남세종로 490 보람동 700-89,127.2859982,36.47564748
세종특별자치시,,더숲어린이집,어린이집,민간,세종특별자치시  보듬4로 86,127.2685741,36.51462113
세종특별자치시,,쥬쥬어린이집,어린이집,가정,세종특별자치시  아름남길 16,127.2515648,36.50933851
세종특별자치시,,리버시안어린이집,어린이집,민간,"세종특별자치시  시청대로 236 (소담동, 새샘마을3단지 내 관리동 )",127.2957203,36.48336237
세종특별자치시,,리버뷰별빛어린이집,어린이집,민간,"세종특별자치시  국책연구원1로 15 새샘마을 9단지, 관리동",127.2986241,36.48965687
세종특별자치시,,우리들의어린이집,어린이집,가정,"세종특별자치시  보듬4로 9 1101동203호(도담동, 도램마을11단지)",127.2607633,36.51308906
세종특별자치시,,사회복지법인세종어린이집,어린이집,사회복지법인,세종특별자치시  부강면 부강외천로 114,127.3798459,36.52682848
세종특별자치시,,사랑찬어린이집,어린이집,가정,"세종특별자치시  남세종로 469 406동101호(보람동, 호려울마을4단지)",127.2892767,36.47533782
세종특별자치시,,꿈씨앗어린이집,어린이집,가정,세종특별자치시  남세종로 301 510동 101호(소담동 새샘마을5단지),127.3070685,36.48049436
세종특별자치시,,토리어린이집,어린이집,가정,"세종특별자치시  새롬북로 13 410동 104호(새롬동, 새뜸마을4단지)",127.2469815,36.48818685
세종특별자치시,,해봄어린이집,어린이집,가정,"세종특별자치시  새롬북로 14 309동102호(새롬동, 새뜸마을3단지)",127.2467255,36.48426362
세종특별자치시,,사랑퐁당어린이집,어린이집,가정,"세종특별자치시  새롬북로 13 416동 103호(새롬동, 새뜸마을4단지)",127.2464864,36.48903228
세종특별자치시,,아장아장어린이집,어린이집,가정,세종특별자치시  다정중앙로 19 408동 103호,127.2468037,36.49189462
세종특별자치시,,씩씩한병아리어린이집,어린이집,가정,"세종특별자치시  새롬중앙로 19 511동101호(새롬동, 새뜸마을5단지)",127.2504186,36.48235849
세종특별자치시,,새롬나무어린이집,어린이집,가정,"세종특별자치시  새롬남로 18 105동102호(새롬동, 새뜸마을1단지)",127.246619,36.48172306
세종특별자치시,,늘사랑어린이집,어린이집,가정,"세종특별자치시  새롬중앙로 19 509동104호(새롬동, 새뜸마을 5단지)",127.2517026,36.48288595
세종특별자치시,,베베스타어린이집,어린이집,가정,"세종특별자치시  새롬남로 18 103동102호(새롬동, 새뜸마을 1단지)",127.2478627,36.4821665
세종특별자치시,,더샵어린이집,어린이집,가정,"세종특별자치시  새롬중앙로 90 1002동 102호(새롬동, 새뜸마을 10단지)",127.2511639,36.48802597
세종특별자치시,,새롬별꽃어린이집,어린이집,가정,세종특별자치시  새롬북로 14 307동105호(새뜸마을3단지),127.2466457,36.48464925
세종특별자치시,,늘해랑숲어린이집,어린이집,가정,"세종특별자치시  새롬로 55 1103동 102호(새롬동, 새뜰마을 11단지)",127.2528907,36.4903318
세종특별자치시,,세종별솔어린이집,어린이집,가정,"세종특별자치시  새롬중앙1로 13 606동 102호(새롬동, 새뜸마을6단지)",127.2499152,36.4848024
세종특별자치시,,다닐어린이집,어린이집,가정,세종특별자치시  달빛1로 74 가재마을6단지 관리동,127.2457208,36.50634207
세종특별자치시,,새롬꿈어린이집,어린이집,민간,세종특별자치시  새롬남로 97 1층~3층,127.2558154,36.48535187
세종특별자치시,,전의산단어린이집,어린이집,직장,세종특별자치시  전의면 산단길 22-10 전의일반산업단지 내,127.2118051,36.69998194
세종특별자치시,,세종달빛어린이집,어린이집,국공립,"세종특별자치시  달빛1로 201 (아름동, 범지기마을 3단지 관리동)",127.2451672,36.51557967
세종특별자치시,,i키움어린이집,어린이집,민간,세종특별자치시  시청대로 210 호려울마을 10단지 관리동,127.2938428,36.48124479
세종특별자치시,,새롬꿈가득어린이집,어린이집,민간,세종특별자치시  새롬중앙로 89 투모로우시티 관리동,127.2500288,36.4874777
세종특별자치시,,세종대평어린이집,어린이집,국공립,"세종특별자치시  대평1길 10 대평동3-1생활권, 복합커뮤니티센터 내 1층",127.2793376,36.47099197
세종특별자치시,,아이원어린이집,어린이집,가정,"세종특별자치시  남세종로 503 104동 102호(보람동, 호려울마을1단지)",127.2843167,36.47391862
세종특별자치시,,펜타힐스어린이집,어린이집,가정,"세종특별자치시  남세종로 302 605동 101호(보람동, 새샘마을6단지)",127.3023646,36.48507271
세종특별자치시,,좋은맘어린이집,어린이집,가정,"세종특별자치시  남세종로 302 617동 102호(보람동, 새샘마을6단지)",127.3038481,36.48296496
세종특별자치시,,소담별어린이집,어린이집,민간,세종특별자치시  남세종로 302 새샘마을6단지 관리동(소담동),127.3018469,36.48468302
세종특별자치시,,캐슬&파밀리에어린이집,어린이집,민간,"세종특별자치시  새롬북로 13 관리동(새롬동, 새뜸마을4단지)",127.2459178,36.48651459
세종특별자치시,,새뜸키즈어린이집,어린이집,민간,"세종특별자치시  새롬북로 14 관리동(새롬동,새뜸마을3단지)",127.2459138,36.48603259
세종특별자치시,,세종대왕어린이집,어린이집,민간,"세종특별자치시  새롬로 56 관리동(새롬동, 새뜸마을14단지)",127.255426,36.48918093
세종특별자치시,,킨더동화어린이집,어린이집,민간,세종특별자치시  장군면 하봉금수동길 85-1 1층~3층,127.1965156,36.49035171
세종특별자치시,,새뜸어린이집,어린이집,민간,"세종특별자치시  새롬로 55 관리동(새롬동, 새뜸마을11단지)",127.2538094,36.48979051
세종특별자치시,,별빛미소어린이집,어린이집,가정,"세종특별자치시  다정북로 110 209동 103호(다정동, 가온마을2단지",127.2441776,36.49459683
세종특별자치시,,새롬키즈빌어린이집,어린이집,민간,"세종특별자치시  새롬남로 17 관리동(새롬동, 새뜸마을2단지)",127.248378,36.48387966
세종특별자치시,,예진어린이집,어린이집,가정,"세종특별자치시  다정북로 110 213동 104호(다정동, 가온마을2단지)",127.2420168,36.49412171
세종특별자치시,,가온어린이집,어린이집,가정,세종특별자치시  다정남로 123 1212동 102호,127.2535524,36.49415438
세종특별자치시,,예솔어린이집,어린이집,가정,세종특별자치시  다정남로 123 1213동 102호,127.2535723,36.49349229
세종특별자치시,,세종정희어린이집,어린이집,민간,세종특별자치시  금남면 성덕영곡길 11-68,127.2818379,36.45576861
세종특별자치시,,봄나래어린이집,어린이집,민간,세종특별자치시  달빛1로 111,127.2458369,36.50955698
세종특별자치시,,해온어린이집,어린이집,가정,세종특별자치시  보람동로 13 606동 102호(호려울마을 6단지),127.2944671,36.47708521
세종특별자치시,,참사랑어린이집,어린이집,가정,"세종특별자치시  다정남로 22 111동 103호(다정동, 현대힐스테이트)",127.2449215,36.49125024
세종특별자치시,,가온이든어린이집,어린이집,가정,세종특별자치시  다정남로 22 116동 103호(힐스테이트 세종2차),127.2434622,36.49238952
세종특별자치시,,다정한어린이집,어린이집,가정,세종특별자치시  다정북로 109 324동 102호,127.2430906,36.49682263
세종특별자치시,,해피맘어린이집,어린이집,가정,세종특별자치시  다정북로 109 306동 102호,127.2413157,36.49691193
세종특별자치시,,아이미래어린이집,어린이집,가정,세종특별자치시  다정남로 22 109동 103호,127.2454383,36.49076505
세종특별자치시,,가온꼬마숲어린이집,어린이집,가정,세종특별자치시  다정북로 109 322동 103호,127.2436747,36.49706898
세종특별자치시,,보람별아어린이집,어린이집,민간,"세종특별자치시  남세종로 503 관리동(보람동, 호려울마을1단지)",127.2861278,36.47499667
세종특별자치시,,빛뜰어린이집,어린이집,가정,세종특별자치시  다정중앙로 77 602동 102호,127.2476062,36.49786348
세종특별자치시,,도담꿈어린이집,어린이집,국공립,세종특별자치시  보듬4로 9 도램마을 11단지 관리동,127.2607633,36.51308906
세종특별자치시,,고운별어린이집,어린이집,국공립,세종특별자치시  마음로 64 고운동 남측 복합커뮤니티센터,127.2352887,36.50495621
세종특별자치시,,중흥키즈어린이집,어린이집,국공립,세종특별자치시  달빛로 77,127.2493429,36.50551319
세종특별자치시,,조은아이어린이집,어린이집,가정,세종특별자치시  대평로 34 409동 101호(해들마을 4단지),127.284009,36.47231554
세종특별자치시,,에듀꿈사랑어린이집,어린이집,가정,"세종특별자치시  남세종로 357 115동 102호(소담동, 새샘마을 1단지)",127.3025688,36.48106957
세종특별자치시,,에듀마크어린이집,어린이집,가정,"세종특별자치시  남세종로 357 108동 102호(소담동, 새샘마을 1단지)",127.2999718,36.48071736
세종특별자치시,,세종새롬어린이집,어린이집,국공립,"세종특별자치시  새롬중앙로 44 새롬동 2-2생활권, 복합커뮤니티센터내 1층",127.2522092,36.48518123
세종특별자치시,,소담하랑어린이집,어린이집,국공립,"세종특별자치시  한누리대로 2023 소담동 3-3생활권, 복합커뮤니티센터 내 1층",127.3003479,36.48405229
세종특별자치시,,해들꼬마숲어린이집,어린이집,가정,세종특별자치시  대평로 34 410동 101호,127.2833684,36.47221489
세종특별자치시,,굿모닝세종어린이집,어린이집,민간,세종특별자치시  보람서로 23,127.2832683,36.47319318
세종특별자치시,,새한어린이집,어린이집,국공립,세종특별자치시  보람로 15,127.2616552,36.51031715
세종특별자치시,,해들다온어린이집,어린이집,가정,세종특별자치시  대평로 80 604동 101호(해들마을 6단지),127.2786483,36.47588595
세종특별자치시,,해들마을어린이집,어린이집,국공립,세종특별자치시  대평로 80,127.2768558,36.47488838
세종특별자치시,,세종아란어린이집,어린이집,국공립,세종특별자치시  새롬중앙로 20 새뜸마을 8단지 관리동,127.2537079,36.48362416
세종특별자치시,,도램아띠어린이집,어린이집,국공립,세종특별자치시  보듬1로 12 도램마을7단지 관리동,127.2599613,36.50995396
세종특별자치시,,세종호려울어린이집,어린이집,국공립,세종특별자치시  남세종로 441 호려울마을 5단지 관리동,127.2904571,36.47692489
세종특별자치시,,호려울꿈어린이집,어린이집,국공립,세종특별자치시  남세종로 469 호려울마을 4단지 관리동,127.2891333,36.47635755
세종특별자치시,,가온빛어린이집,어린이집,국공립,세종특별자치시  다정서로 60 가온마을5단지 관리동,127.2453541,36.49529662
세종특별자치시,,다정힐스어린이집,어린이집,국공립,세종특별자치시  다정남로 22 가온마을1단지 관리동,127.2448106,36.49299301
세종특별자치시,,아이다솜어린이집,어린이집,가정,세종특별자치시  마음로 67 102동 101호,127.2332275,36.50481149
세종특별자치시,,모아어린이집,어린이집,가정,세종특별자치시  시청대로 236 306동 103호,127.2979311,36.48432034
세종특별자치시,,참조은어린이집,어린이집,민간,세종특별자치시  바른3길 23,127.2537489,36.5210332
세종특별자치시,,해들누리어린이집,어린이집,민간,세종특별자치시  대평로 56 관리동(해들마을 5단지),127.2794288,36.47264828
세종특별자치시,,차오름어린이집,어린이집,직장,세종특별자치시  다솜3로 15,127.2662544,36.49705964
세종특별자치시,,윤슬어린이집,어린이집,가정,세종특별자치시  밝은뜰로 15 1912동 103호,127.2319135,36.52359604
세종특별자치시,,나숲어린이집,어린이집,가정,세종특별자치시  밝은뜰로 15 1906동 103호,127.2334154,36.52467358
세종특별자치시,,새빛어린이집,어린이집,가정,세종특별자치시  반곡1길 9 204동 101호(수루배마을2단지),127.3098445,36.49647963
세종특별자치시,,은가비어린이집,어린이집,국공립,세종특별자치시  보듬3로 73 범지기마을11단지 관리동,127.2514799,36.51073525
세종특별자치시,,가온나래어린이집,어린이집,국공립,"세종특별자치시  다정북로 109 다정동, 가온마을3단지 관리동",127.2422967,36.496573
세종특별자치시,,보람뜰어린이집,어린이집,국공립,세종특별자치시  보람동로 13 호려울마을6단지 관리동,127.2953683,36.47698116
세종특별자치시,,가온꿈어린이집,어린이집,국공립,세종특별자치시  다정남로 123 가온마을12단지 관리동,127.2547355,36.49288267
세종특별자치시,,새뜸파랑새어린이집,어린이집,국공립,세종특별자치시  새롬중앙로 19 새뜸마을5단지 관리동,127.2513473,36.4819526
세종특별자치시,,가온사랑어린이집,어린이집,국공립,세종특별자치시  가온로 9 가온마을10단지 관리동,127.2535719,36.49179831
세종특별자치시,,가온마을어린이집,어린이집,가정,세종특별자치시  다정중앙로 19 414동 101호(가온마을4단지),127.2491167,36.49099982
세종특별자치시,,하임누리어린이집,어린이집,국공립,세종특별자치시  마음로 67 가락마을1단지 관리동,127.2327857,36.50481679
세종특별자치시,,가온아이사랑어린이집,어린이집,국공립,세종특별자치시  다정중앙로 19 가온마을4단지 관리동,127.2487344,36.49232413
세종특별자치시,,반곡무지개어린이집,어린이집,가정,세종특별자치시  반곡로 15 309동 101호,127.3096102,36.50021965
세종특별자치시,,세종아이랑어린이집,어린이집,국공립,세종특별자치시  보람1길 12 호려울마을2단지 관리동,127.2838292,36.47558501
세종특별자치시,,세종보람어린이집,어린이집,국공립,세종특별자치시  보람동로 14 호려울마을8단지 관리동,127.2962608,36.47757069
세종특별자치시,,한아름어린이집,어린이집,국공립,세종특별자치시  달빛로 165 범지기마을8단지 관리동,127.2483676,36.51295187
세종특별자치시,,세종해들숲어린이집,어린이집,국공립,세종특별자치시  대평1길 38 해들마을3단지 관리동,127.2776913,36.47119675
세종특별자치시,,해바라기어린이집,어린이집,가정,세종특별자치시  시청대로 598 605동 103호,127.3190085,36.49314651
세종특별자치시,,꿈샘어린이집,어린이집,직장,세종특별자치시  밀마루길 6,127.2574827,36.50374185
세종특별자치시,,힐스어린이집,어린이집,국공립,세종특별자치시  누리로 27 첫마을6단지 관리동,127.2541941,36.47430754
세종특별자치시,,수자인어린이집,어린이집,국공립,세종특별자치시  절재로 13 범지기마을1단지 관리동,127.2420052,36.50920512
세종특별자치시,,소화어린이집,어린이집,가정,"세종특별자치시  시청대로 500 414동 102호(반곡동, 수루배마을4단지)",127.3143156,36.5009323
세종특별자치시,,너랑나랑어린이집,어린이집,국공립,세종특별자치시  다정중앙로 77 가온마을6단지 관리동,127.2483085,36.49787058
세종특별자치시,,다원어린이집,어린이집,국공립,세종특별자치시  다정북로 183 가온마을9단지 관리동,127.2514241,36.49617517
세종특별자치시,,나무야어린이집,어린이집,국공립,세종특별자치시  반곡로 14 수루배마을1단지 관리동,127.3055991,36.49710826
세종특별자치시,,반곡샘어린이집,어린이집,국공립,세종특별자치시  반곡1길 9 수루배마을2단지 관리동,127.3110327,36.49709577
세종특별자치시,,세종반곡어린이집,어린이집,국공립,세종특별자치시  반곡로 15 수루배마을3단지 관리동,127.3083155,36.49907155
세종특별자치시,,수루배숲어린이집,어린이집,국공립,세종특별자치시  시청대로 500 수루배마을4단지 관리동,127.3138172,36.49889592
세종특별자치시,,반곡솔빛어린이집,어린이집,국공립,세종특별자치시  반곡2길 9 수루배마을5단지 관리동,127.3121448,36.49691412
세종특별자치시,,수루배반곡어린이집,어린이집,국공립,세종특별자치시  시청대로 598 수루배마을6단지 관리동,127.3183207,36.49394116
세종특별자치시,,세종소담어린이집,어린이집,민간,세종특별자치시  소담1로 17,127.3016588,36.48416362
세종특별자치시,,고운꿈어린이집,어린이집,민간,세종특별자치시  밝은뜰로 15 관리동 (가락마을 19단지),127.2346775,36.52251434
세종특별자치시,,아이비숲어린이집,어린이집,민간,세종특별자치시  다정중앙로 77,127.2483085,36.49787058
세종특별자치시,,무지개어린이집,어린이집,국공립,세종특별자치시  아홉거리길 89,127.2828031,36.59394176
세종특별자치시,,가온숲어린이집,어린이집,국공립,세종특별자치시  다정북로 180 가온마을8단지 관리동,127.2504795,36.49549889
세종특별자치시,,호려울숲어린이집,어린이집,국공립,세종특별자치시  시청대로 78 보람동 호려울마을3단지 관리동,127.2805789,36.47673514
세종특별자치시,,레드애플어린이집,어린이집,국공립,세종특별자치시  갈매로 480 관리동,127.2688474,36.50600545
세종특별자치시,,아이빛나라어린이집,어린이집,국공립,세종특별자치시  누리로 119 403동 1층 관리동,127.2521844,36.48077476
세종특별자치시,,예닮어린이집,어린이집,국공립,세종특별자치시  누리로 54 관리동,127.2518005,36.47638209
세종특별자치시,,래미안어린이집,어린이집,국공립,"세종특별자치시  나리로 38 관리동 (한솔동, 첫마을7단지)",127.2556398,36.47364295
세종특별자치시,,아이존어린이집,어린이집,국공립,"세종특별자치시  도움1로 74 관리동 (종촌동, 가재마을10단지)",127.2521503,36.5021774
세종특별자치시,,상록누리어린이집,어린이집,국공립,"세종특별자치시  달빛로 135 관리동 (아름동, 범지기마을6단지)",127.2493733,36.51062172
세종특별자치시,,나라연어린이집,어린이집,국공립,"세종특별자치시  마음안로 221 관리동 (고운동, 가락마을21단지)",127.2401109,36.51777507
세종특별자치시,,세종라온어린이집,어린이집,국공립,"세종특별자치시  마음로 322 관리동 (고운동, 가락마을22단지)",127.2398246,36.51984764
세종특별자치시,,가락마을어린이집,어린이집,국공립,"세종특별자치시  마음로 49 관리동 (고운동, 가락마을2단지)",127.2354058,36.5037381
세종특별자치시,,세종해밀어린이집,어린이집,국공립,"세종특별자치시  해밀3로 90 관리동 (해밀동, 해밀마을2단지)",127.2698861,36.53051342
세종특별자치시,,해밀숲어린이집,어린이집,국공립,"세종특별자치시  해밀3로 32 123동 (해밀동, 해밀마을1단지)",127.2662531,36.52752648
세종특별자치시,,마스터힐스어린이집,어린이집,국공립,"세종특별자치시  해밀3로 32 117동 (해밀동, 해밀마을1단지)",127.2647297,36.52627783
세종특별자치시,,해밀쑥쑥어린이집,어린이집,가정,"세종특별자치시  해밀3로 32 116동 102호(해밀동, 해밀마을1단지)",127.2642901,36.52572529
세종특별자치시,,아름상록어린이집,어린이집,국공립,세종특별자치시  달빛1로 122 관리동,127.2465528,36.50980505
세종특별자치시,,엘리트어린이집,어린이집,국공립,세종특별자치시  달빛1로 206 관리동,127.2462382,36.51784543
세종특별자치시,,다정하나어린이집,어린이집,국공립,세종특별자치시  다정남3로 10 다정동 복합커뮤니티센터,127.2502214,36.49394616
세종특별자치시,,가온행복어린이집,어린이집,국공립,세종특별자치시  다정중앙로 20 가온마을7단지 관리동,127.2502021,36.49186749
세종특별자치시,,힐스누리어린이집,어린이집,국공립,세종특별자치시  보듬2로 43 도램마을15단지 관리동,127.2640696,36.51145955
세종특별자치시,,세종큰솔어린이집,어린이집,국공립,세종특별자치시  새롬남로 102 새뜸마을12단지 관리동,127.2569032,36.48514611
세종특별자치시,,아이가온어린이집,어린이집,국공립,세종특별자치시  마음안로 13 가락마을7단지 관리동,127.2392916,36.50512663
세종특별자치시,,풀에버어린이집,어린이집,국공립,세종특별자치시  보듬2로 42 도램마을14단지 관리동,127.2646729,36.51070342
세종특별자치시,,세종에듀시티어린이집,어린이집,국공립,세종특별자치시  달빛로 109 범지기마을4단지 관리동,127.249307,36.50905351
세종특별자치시,,별채운어린이집,어린이집,민간,"세종특별자치시  새롬남로 18 관리동 (새롬동, 새뜸마을1단지)",127.2498697,36.4822293
세종특별자치시,,세종다정어린이집,어린이집,민간,세종특별자치시  다정남로 57,127.2468815,36.49398861
세종특별자치시,,마루뜰어린이집,어린이집,직장,세종특별자치시  국책연구원4로 25,127.302736,36.49393249
세종특별자치시,,호려울빛어린이집,어린이집,국공립,세종특별자치시  남세종로 480 호려울마을7단지 관리동,127.2860114,36.47689217
세종특별자치시,,리더스포레어린이집,어린이집,국공립,세종특별자치시  국세청로 46 나릿재마을1단지 관리동,127.2628945,36.48729326
세종특별자치시,,사랑가득구름빵어린이집,어린이집,민간,세종특별자치시  조치원읍 이화로 5,127.2900342,36.59438765
세종특별자치시,,예일어린이집,어린이집,국공립,세종특별자치시  다솜1로 184 관리동,127.2559347,36.51457891
세종특별자치시,,세종나빛어린이집,어린이집,국공립,세종특별자치시  나성북로 47 나릿재마을4단지 관리동,127.2614853,36.49033151
세종특별자치시,,세종나릿재어린이집,어린이집,국공립,세종특별자치시  중앙공원서로 10 나릿재마을2단지 관리동,127.264439,36.4882758
세종특별자치시,,세종햇살어린이집,어린이집,국공립,세종특별자치시  집현북로 52 새나루마을12단지 관리동,127.3251308,36.50163981
세종특별자치시,,더샵꿈꾸는어린이집,어린이집,국공립,세종특별자치시  새롬중앙로 90 관리동,127.2514058,36.48862746
세종특별자치시,,햇살도담어린이집,어린이집,국공립,세종특별자치시  다솜1로 140 관리동,127.2564918,36.51028528
세종특별자치시,,에듀타운어린이집,어린이집,국공립,세종특별자치시  도움3로 159 관리동,127.2419961,36.50487528
세종특별자치시,,상록별어린이집,어린이집,국공립,세종특별자치시  갈매로 479 관리동,127.2662493,36.50721635
세종특별자치시,,나성샛별어린이집,어린이집,국공립,세종특별자치시  나성북1로 51 나릿재마을6단지 관리동,127.2609767,36.49233104
세종특별자치시,,나릿재참다운어린이집,어린이집,국공립,세종특별자치시  나성북1로 23 나릿재마을5단지 관리동,127.2589025,36.4916222
세종특별자치시,,세종하늘어린이집,어린이집,국공립,세종특별자치시  국세청로 45 나릿재마을 3단지 관리동,127.2623882,36.48797182
세종특별자치시,,어진아이어린이집,어린이집,국공립,세종특별자치시  다솜로 50 한뜰마을6단지 관리동,127.2587912,36.49506228
세종특별자치시,,반곡하나어린이집,어린이집,국공립,세종특별자치시  반곡로 39 반곡동복합커뮤니티센터,127.3106679,36.49868412
세종특별자치시,,세종마루어린이집,어린이집,국공립,세종특별자치시  대평1길 27 해들마을 1단지 관리동,127.2778283,36.46961861
세종특별자치시,,새샘키즈어린이집,어린이집,국공립,세종특별자치시  남세종로 301 새샘마을5단지 관리동,127.3044372,36.48133184
세종특별자치시,,해들꿈어린이집,어린이집,국공립,세종특별자치시  대평1길 37 해들마을2단지 관리동,127.2767764,36.47107858
세종특별자치시,,늘품어린이집,어린이집,국공립,세종특별자치시  남세종로 357 새샘마을1단지 관리동,127.3020737,36.48034082
세종특별자치시,,개구쟁이어린이집,어린이집,국공립,세종특별자치시  조치원읍 산막길 17 103동 101호,127.2949817,36.59306501
세종특별자치시,,재롱이어린이집,어린이집,국공립,세종특별자치시  조치원읍 조치원4길 176 103동 103호,127.3008068,36.59353594
세종특별자치시,,해밀하나어린이집,어린이집,국공립,세종특별자치시  해밀1로 45 해밀동 복합커뮤니티센터,127.2682897,36.52689443
세종특별자치시,,자이숲어린이집,어린이집,국공립,세종특별자치시  남세종로 160 새나루마을1단지 관리동,127.320531,36.48637821
세종특별자치시,,새나루꿈어린이집,어린이집,국공립,세종특별자치시  집현서로 57 새나루마을4단지 관리동,127.3220098,36.49291947
세종특별자치시,,세종어울림어린이집,어린이집,국공립,세종특별자치시  시청대로 642 새나루마을9단지 관리동,127.3228714,36.49291955
세종특별자치시,,세종꿈빛어린이집,어린이집,국공립,세종특별자치시  집현서로 45 새나루마을3단지 관리동,127.3212347,36.49154659
세종특별자치시,,세종새나루어린이집,어린이집,국공립,세종특별자치시  집현서2로 84 새나루마을11단지 관리동,127.32301,36.4971581
세종특별자치시,,세종하늘채어린이집,어린이집,국공립,세종특별자치시  집현서로 15 새나루마을2단지 관리동,127.3213109,36.48857603
세종특별자치시,,예지원어린이집,어린이집,민간,"세종특별자치시  마음로 181 관리동 (고운동, 가락마을10단지)",127.2292783,36.5147602
세종특별자치시,,으뜸어린이집,어린이집,국공립,세종특별자치시  마음로 151 관리동,127.2276093,36.51180611
세종특별자치시,,세종하늘숲어린이집,어린이집,국공립,세종특별자치시  집현서로 16 새나루마을 8단지 관리동,127.3224478,36.48873746
세종특별자치시,,한뜰숲어린이집,어린이집,국공립,"세종특별자치시  다솜1로 9 한뜰마을 4단지, 관리동",127.2555329,36.50086372
세종특별자치시,,그린나래어린이집,어린이집,국공립,세종특별자치시  소담3로 21 새샘마을 4단지 관리동,127.2971119,36.48659491
세종특별자치시,,고운솔어린이집,어린이집,국공립,세종특별자치시  마음로 152 가락마을11단지 관리동,127.2299545,36.5122188
세종특별자치시,,해이들어린이집,어린이집,국공립,세종특별자치시  대평로 34 관리동,127.2806251,36.47185755
세종특별자치시,,세종다온어린이집,어린이집,국공립,세종특별자치시  마음안1로 139 가락마을 18단지 관리동,127.2342248,36.5215477
세종특별자치시,,아마존어린이집,어린이집,국공립,세종특별자치시  새롬로 32,127.2555963,36.48722667
세종특별자치시,,가락키즈어린이집,어린이집,국공립,세종특별자치시  마음안로 47 가락마을3단지 관리동,127.235306,36.50685254
세종특별자치시,,지니어스어린이집,어린이집,국공립,세종특별자치시  달빛1로 39 가재마을2단지 관리동,127.244556,36.50321526
세종특별자치시,,가온누리어린이집,어린이집,국공립,세종특별자치시  다정북로 110 가온마을 2단지 관리동(제일풍경채),127.2446056,36.49492496
세종특별자치시,,예그린빅스맘어린이집,어린이집,국공립,세종특별자치시  보람로 95 도램마을 13단지 관리동,127.2622103,36.5164008
세종특별자치시,,동그라미어린이집,어린이집,국공립,세종특별자치시  마음로 182 가락마을 13단지 관리동,127.2301161,36.51350405
세종특별자치시,,세계로어린이집,어린이집,국공립,세종특별자치시  다솜1로 164 도램마을2단지,127.2558748,36.51289449
세종특별자치시,,세종봄빛어린이집,어린이집,민간,세종특별자치시  새롬중앙1로 13,127.2498555,36.48371967
세종특별자치시,,별나루어린이집,어린이집,국공립,세종특별자치시  시청대로 643 새나루마을10단지 관리동,127.3244353,36.49327818
세종특별자치시,,아이꿈어린이집,어린이집,국공립,세종특별자치시  조치원읍 도장말길 30 신동아파밀리에 303동 106호,127.2983532,36.58962666
세종특별자치시,,큰별어린이집,어린이집,국공립,세종특별자치시  조치원읍 도원로 16 113동 102호(자이아파트),127.2905748,36.59000106
세종특별자치시,,미래대통령어린이집,어린이집,국공립,세종특별자치시  도움3로 160,127.2436148,36.50617452
세종특별자치시,,봄봄어린이집,어린이집,국공립,세종특별자치시  달빛1로 158 범지기마을7단지 관리동,127.2465694,36.51277069
세종특별자치시,,한뜰린어린이집,어린이집,국공립,세종특별자치시  다솜로 7 한뜰마을5단지 관리동,127.2564901,36.49831319
세종특별자치시,,부강어린이집,어린이집,사회복지법인,세종특별자치시 부강면 부강 외천로 112,127.3795876,36.52687295
세종특별자치시,,부용어린이집,어린이집,사회복지법인,세종특별자치시  퇴미로 51-14,127.3613856,36.52872331
세종특별자치시,,국제 어린이집,어린이집,민간,세종특별자치시 부강면 부용3길 29-8,127.3645736,36.52963362
세종특별자치시,,근로복지공단세종어린이집,어린이집,법인·단체등,세종특별자치시 조치원읍 새내2길 41,127.3010659,36.59723368
세종특별자치시,,산들어린이집,어린이집,법인·단체등,세종특별자치시 연서면 연서로 130-1,127.2560715,36.58185258
세종특별자치시,,금남어린이집,어린이집,사회복지법인,세종특별자치시 금남면 호탄리 97-3,127.2975642,36.47533445
세종특별자치시,,세종YWCA어린이집,어린이집,법인·단체등,세종특별자치시  조치원읍 조치원5길 34-14,127.2998935,36.60284078
세종특별자치시,,사회복지법인전의어린이집,어린이집,사회복지법인,세종특별자치시 전의면 오얏고지길 3,127.2063529,36.675436
세종특별자치시,,조치원어린이집,어린이집,사회복지법인,세종특별자치시 조치원읍 으뜸길 64,127.2981368,36.59734283
세종특별자치시,,미동어린이집,어린이집,사회복지법인,세종특별자치시 조치원읍 번암안동네2길 7,127.2903435,36.58253983
세종특별자치시,,사회복지법인연동어린이집,어린이집,사회복지법인,세종특별자치시 연동면 연지길 24,127.3291806,36.55672175
세종특별자치시,,파랑새둥지어린이집,어린이집,법인·단체등,세종특별자치시 연동면 노송강당길 38,127.3283292,36.57361253
세종특별자치시,,쵸코렛어린이집,어린이집,민간,세종특별자치시 연서면 월성로 271-7,127.2722221,36.59116185
세종특별자치시,,죽림어린이집,어린이집,국공립,세종특별자치시 조치원읍 은행나무길 1,127.2929305,36.59027185
세종특별자치시,,꿈나무영재어린이집,어린이집,민간,세종특별자치시 조치원읍 세종로 2569,127.2922874,36.6154608
세종특별자치시,,동화나라어린이집,어린이집,민간,세종특별자치시 조치원읍 새내22길 7-6,127.2978013,36.60781096
세종특별자치시,,가람어린이집,어린이집,민간,세종특별자치시  금남면 용포2길 70 두진아파트관리동2층,127.2791986,36.46194182
세종특별자치시,,해나라어린이집,어린이집,사회복지법인,세종특별자치시  소정면 대사동길 62,127.1647532,36.72212421
세종특별자치시,,세종영재어린이집,어린이집,민간,세종특별자치시  조치원읍 평안로 36-26,127.29831750118693,36.58902747250455
세종특별자치시,,도담어린이집,어린이집,가정,세종특별자치시  연서면 당산로 290 대원네스트빌아파트 103동 106호,127.2799516,36.55888883
세종특별자치시,,미소지움어린이집,어린이집,가정,세종특별자치시 금남면 용포2길 57-15 미소지움101-102 미소지움 101-102,127.2783374,36.4645274
세종특별자치시,,로뎀어린이집,어린이집,가정,세종특별자치시  도움3로 160 가재마을아파트 404동 103호,127.2444381,36.5061692
세종특별자치시,,신흥푸르지오어린이집,어린이집,국공립,세종특별자치시 조치원읍 도원1로16 관리동1층 관리동1층,127.3023138,36.595136
세종특별자치시,,색동어린이집,어린이집,가정,세종특별자치시 조치원읍 새내17길 7  목화 101-102,127.2965826,36.60458915
세종특별자치시,,해피아이어린이집,어린이집,가정,세종특별자치시  조치원읍 죽림본로 33-6 푸르지오 101-102,127.2946677,36.59080317
세종특별자치시,,꼬마세상어린이집,어린이집,민간,세종특별자치시  조치원읍 이화1로 15 관리동1층,127.285543,36.59403228
세종특별자치시,,이편한어린이집,어린이집,가정,세종특별자치시  조치원읍 이화1로 15 e-편한세상 아파트 110-104,127.2865814,36.59379677
세종특별자치시,,꼬마성어린이집,어린이집,가정,세종특별자치시  조치원읍 도원로 16 117동 101호(자이아파트),127.2899878,36.59044928
세종특별자치시,,아기천사어린이집,어린이집,가정,세종특별자치시  조치원읍 도원로 16 자이아파트 114-103,127.2908553,36.58866012
세종특별자치시,,아이린어린이집,어린이집,민간,세종특별자치시  조치원읍 도원로 16 관리동 1층,127.2891704,36.58851683
세종특별자치시,,티나어린이집,어린이집,민간,세종특별자치시 조치원읍 행복5길 12 티나어린이집,127.2910393,36.60467617
세종특별자치시,,첫마을라온어린이집,어린이집,민간,세종특별자치시  노을3로 14 첫마을 1단지,127.2593068,36.48284278
세종특별자치시,,참샘어린이집,어린이집,민간,세종특별자치시  나리1로 15 302동 관리동1층,127.2601482,36.47940482
세종특별자치시,,아이뜰어린이집,어린이집,가정,세종특별자치시  노을3로 14 첫마을아파트 111-102,127.2591482,36.48182379
세종특별자치시,,한누리어린이집,어린이집,민간,세종특별자치시  노을1로 16 첫마을아파트 202동,127.2606174,36.48032323
세종특별자치시,,첫마을어린이집,어린이집,가정,세종특별자치시  나리1로 15 첫마을아파트 304-102,127.2587206,36.47835633
